Nr;Name;Zeitpunkt;Replikat;Reihe DWP;Spalte DWP
1;WT + pCM160_RBSyciAHI;T1;A;A;1
2;WT + pCM160_RBSyciAHI;T1;B;A;2
3;WT + pCM160_RBSyciAHI;T1;C;A;3
C:\LabSolutions\Data\Laura P\MS\171207var\230;>I34A;T1;A;A;4
5;>I34A;T1;B;A;5
6;>I34A;T1;C;A;6
7;>I34L;T1;A;A;7
8;>I34L;T1;B;A;8
9;>I34L;T1;C;A;9
10;>F35W;T1;A;A;10
11;>F35W;T1;B;A;11
12;>F35W;T1;C;A;12
13;>F35L;T1;A;B;1
14;>F35L;T1;B;B;2
15;>F35L;T1;C;B;3
16;>F35V;T1;A;B;4
17;>F35V;T1;B;B;5
18;>F35V;T1;C;B;6
19;>A48G;T1;A;B;7
20;>A48G;T1;B;B;8
21;>A48G;T1;C;B;9
22;>A48V;T1;A;B;10
23;>A48V;T1;B;B;11
24;>A48V;T1;C;B;12
25;>A48L;T1;A;C;1
26;>A48L;T1;B;C;2
27;>A48L;T1;C;C;3
28;>A51G;T1;A;C;4
29;>A51G;T1;B;C;5
30;>A51G;T1;C;C;6
31;>A51V;T1;A;C;7
32;>A51V;T1;B;C;8
33;>A51V;T1;C;C;9
34;>A51L;T1;A;C;10
35;>A51L;T1;B;C;11
36;>A51L;T1;C;C;12
37;>V59G;T1;A;D;1
38;>V59G;T1;B;D;2
39;>V59G;T1;C;D;3
40;WT + pCM160_RBSyciAHI;T2;A;A;1
41;WT + pCM160_RBSyciAHI;T2;B;A;2
42;WT + pCM160_RBSyciAHI;T2;C;A;3
43;>I34A;T2;A;A;4
44;>I34A;T2;B;A;5
45;>I34A;T2;C;A;6
46;>I34L;T2;A;A;7
47;>I34L;T2;B;A;8
48;>I34L;T2;C;A;9
49;>F35W;T2;A;A;10
50;>F35W;T2;B;A;11
51;>F35W;T2;C;A;12
52;>F35L;T2;A;B;1
53;>F35L;T2;B;B;2
54;>F35L;T2;C;B;3
55;>F35V;T2;A;B;4
56;>F35V;T2;B;B;5
57;>F35V;T2;C;B;6
58;>A48G;T2;A;B;7
59;>A48G;T2;B;B;8
60;>A48G;T2;C;B;9
61;>A48V;T2;A;B;10
62;>A48V;T2;B;B;11
63;>A48V;T2;C;B;12
64;>A48L;T2;A;C;1
65;>A48L;T2;B;C;2
66;>A48L;T2;C;C;3
67;>A51G;T2;A;C;4
68;>A51G;T2;B;C;5
69;>A51G;T2;C;C;6
70;>A51V;T2;A;C;7
71;>A51V;T2;B;C;8
72;>A51V;T2;C;C;9
73;>A51L;T2;A;C;10
74;>A51L;T2;B;C;11
75;>A51L;T2;C;C;12
76;>V59G;T2;A;D;1
77;>V59G;T2;B;D;2
78;>V59G;T2;C;D;3
79;WT + pCM160_RBSyciAHI;T3;A;A;1
80;WT + pCM160_RBSyciAHI;T3;B;A;2
81;WT + pCM160_RBSyciAHI;T3;C;A;3
82;>I34A;T3;A;A;4
83;>I34A;T3;B;A;5
84;>I34A;T3;C;A;6
85;>I34L;T3;A;A;7
86;>I34L;T3;B;A;8
87;>I34L;T3;C;A;9
88;>F35W;T3;A;A;10
89;>F35W;T3;B;A;11
90;>F35W;T3;C;A;12
91;>F35L;T3;A;B;1
92;>F35L;T3;B;B;2
93;>F35L;T3;C;B;3
94;>F35V;T3;A;B;4
95;>F35V;T3;B;B;5
96;>F35V;T3;C;B;6
97;>A48G;T3;A;B;7
98;>A48G;T3;B;B;8
99;>A48G;T3;C;B;9
100;>A48V;T3;A;B;10
101;>A48V;T3;B;B;11
102;>A48V;T3;C;B;12
103;>A48L;T3;A;C;1
104;>A48L;T3;B;C;2
105;>A48L;T3;C;C;3
106;>A51G;T3;A;C;4
107;>A51G;T3;B;C;5
108;>A51G;T3;C;C;6
109;>A51V;T3;A;C;7
110;>A51V;T3;B;C;8
111;>A51V;T3;C;C;9
112;>A51L;T3;A;C;10
113;>A51L;T3;B;C;11
114;>A51L;T3;C;C;12
115;>V59G;T3;A;D;1
116;>V59G;T3;B;D;2
117;>V59G;T3;C;D;3
118;WT + pCM160_RBSyciAHI;T4;A;A;1
119;WT + pCM160_RBSyciAHI;T4;B;A;2
120;WT + pCM160_RBSyciAHI;T4;C;A;3
121;>I34A;T4;A;A;4
122;>I34A;T4;B;A;5
123;>I34A;T4;C;A;6
124;>I34L;T4;A;A;7
125;>I34L;T4;B;A;8
126;>I34L;T4;C;A;9
127;>F35W;T4;A;A;10
128;>F35W;T4;B;A;11
129;>F35W;T4;C;A;12
130;>F35L;T4;A;B;1
131;>F35L;T4;B;B;2
132;>F35L;T4;C;B;3
133;>F35V;T4;A;B;4
134;>F35V;T4;B;B;5
135;>F35V;T4;C;B;6
136;>A48G;T4;A;B;7
137;>A48G;T4;B;B;8
138;>A48G;T4;C;B;9
139;>A48V;T4;A;B;10
140;>A48V;T4;B;B;11
141;>A48V;T4;C;B;12
142;>A48L;T4;A;C;1
143;>A48L;T4;B;C;2
144;>A48L;T4;C;C;3
145;>A51G;T4;A;C;4
146;>A51G;T4;B;C;5
147;>A51G;T4;C;C;6
148;>A51V;T4;A;C;7
149;>A51V;T4;B;C;8
150;>A51V;T4;C;C;9
151;>A51L;T4;A;C;10
152;>A51L;T4;B;C;11
153;>A51L;T4;C;C;12
154;>V59G;T4;A;D;1
155;>V59G;T4;B;D;2
156;>V59G;T4;C;D;3
157;WT + pCM160_RBSyciAHI;T5;A;A;1
158;WT + pCM160_RBSyciAHI;T5;B;A;2
159;WT + pCM160_RBSyciAHI;T5;C;A;3
160;>I34A;T5;A;A;4
161;>I34A;T5;B;A;5
162;>I34A;T5;C;A;6
163;>I34L;T5;A;A;7
164;>I34L;T5;B;A;8
165;>I34L;T5;C;A;9
166;>F35W;T5;A;A;10
167;>F35W;T5;B;A;11
168;>F35W;T5;C;A;12
169;>F35L;T5;A;B;1
170;>F35L;T5;B;B;2
171;>F35L;T5;C;B;3
172;>F35V;T5;A;B;4
173;>F35V;T5;B;B;5
174;>F35V;T5;C;B;6
175;>A48G;T5;A;B;7
176;>A48G;T5;B;B;8
177;>A48G;T5;C;B;9
178;>A48V;T5;A;B;10
179;>A48V;T5;B;B;11
180;>A48V;T5;C;B;12
181;>A48L;T5;A;C;1
182;>A48L;T5;B;C;2
183;>A48L;T5;C;C;3
184;>A51G;T5;A;C;4
185;>A51G;T5;B;C;5
186;>A51G;T5;C;C;6
187;>A51V;T5;A;C;7
188;>A51V;T5;B;C;8
189;>A51V;T5;C;C;9
190;>A51L;T5;A;C;10
191;>A51L;T5;B;C;11
192;>A51L;T5;C;C;12
193;>V59G;T5;A;D;1
194;>V59G;T5;B;D;2
195;>V59G;T5;C;D;3
196;WT + pCM160_RBSyciAHI;T6;A;A;1
197;WT + pCM160_RBSyciAHI;T6;B;A;2
198;WT + pCM160_RBSyciAHI;T6;C;A;3
199;>I34A;T6;A;A;4
200;>I34A;T6;B;A;5
201;>I34A;T6;C;A;6
202;>I34L;T6;A;A;7
203;>I34L;T6;B;A;8
204;>I34L;T6;C;A;9
205;>F35W;T6;A;A;10
206;>F35W;T6;B;A;11
207;>F35W;T6;C;A;12
208;>F35L;T6;A;B;1
209;>F35L;T6;B;B;2
210;>F35L;T6;C;B;3
211;>F35V;T6;A;B;4
212;>F35V;T6;B;B;5
213;>F35V;T6;C;B;6
214;>A48G;T6;A;B;7
215;>A48G;T6;B;B;8
216;>A48G;T6;C;B;9
217;>A48V;T6;A;B;10
218;>A48V;T6;B;B;11
219;>A48V;T6;C;B;12
220;>A48L;T6;A;C;1
221;>A48L;T6;B;C;2
222;>A48L;T6;C;C;3
223;>A51G;T6;A;C;4
224;>A51G;T6;B;C;5
225;>A51G;T6;C;C;6
226;>A51V;T6;A;C;7
227;>A51V;T6;B;C;8
228;>A51V;T6;C;C;9
229;>A51L;T6;A;C;10
230;>A51L;T6;B;C;11
231;>A51L;T6;C;C;12
232;>V59G;T6;A;D;1
233;>V59G;T6;B;D;2
234;>V59G;T6;C;D;3
;;;;;
;;;;;
;;;;;
;;;;;
;;;;;
;;;;;
;;;;;
;;;;;
;;;;;
;;;;;
;;;;;
;;;;;
;;;;;
;;;;;
;;;;;
;;;;;
;;;;;
;;;;;
;;;;;
;;;;;
;;;;;
;;;;;
;;;;;
;;;;;
;;;;;
;;;;;
;;;;;
;;;;;
;;;;;
;;;;;
;;;;;
;;;;;
;;;;;
;;;;;
;;;;;
;;;;;
;;;;;
;;;;;
;;;;;
;;;;;
;;;;;
;;;;;
;;;;;
;;;;;
;;;;;
;;;;;
;;;;;
;;;;;
;;;;;
;;;;;
;;;;;
;;;;;
;;;;;
;;;;;
;;;;;
;;;;;
;;;;;
;;;;;
;;;;;
;;;;;
;;;;;
;;;;;
;;;;;
;;;;;
;;;;;
;;;;;
;;;;;
;;;;;
;;;;;
;;;;;
;;;;;
;;;;;
;;;;;
;;;;;
;;;;;
;;;;;
;;;;;
;;;;;
;;;;;
;;;;;
;;;;;
;;;;;
;;;;;
;;;;;
;;;;;
;;;;;
;;;;;
;;;;;
;;;;;
;;;;;
;;;;;
;;;;;
;;;;;
;;;;;
;;;;;
;;;;;
;;;;;
;;;;;
;;;;;
;;;;;
;;;;;
;;;;;
;;;;;
;;;;;
;;;;;
;;;;;
;;;;;
;;;;;
;;;;;
;;;;;
;;;;;
;;;;;
;;;;;
;;;;;
;;;;;
;;;;;
;;;;;
;;;;;
;;;;;
;;;;;
;;;;;
;;;;;
;;;;;
;;;;;
;;;;;
;;;;;
;;;;;
;;;;;
;;;;;
;;;;;
;;;;;
;;;;;
;;;;;
;;;;;
;;;;;
;;;;;
;;;;;
;;;;;
;;;;;
;;;;;
;;;;;
;;;;;
;;;;;
;;;;;
;;;;;
;;;;;
;;;;;
;;;;;
;;;;;
;;;;;
;;;;;
;;;;;
;;;;;
;;;;;
;;;;;
;;;;;
;;;;;
;;;;;
;;;;;
;;;;;
;;;;;
;;;;;
